{
    "transition_probability": 0.7000000000000001,
    "tm_parameters": {
        "num_states": 4,
        "input_symbols": [
            "0",
            "1"
        ],
        "blank_symbol": "_",
        "initial_head_position": 1,
        "accepting_states": [
            1,
            3
        ],
        "transition_function": {
            "0,0": [
                2,
                "1",
                "L"
            ],
            "0,1": [
                2,
                "1",
                "R"
            ],
            "0,_": [
                0,
                "1",
                "L"
            ],
            "1,0": [
                1,
                "1",
                "L"
            ],
            "1,_": [
                2,
                "0",
                "R"
            ],
            "2,0": [
                0,
                "0",
                "R"
            ],
            "2,_": [
                2,
                "1",
                "L"
            ],
            "3,0": [
                1,
                "1",
                "R"
            ],
            "3,1": [
                3,
                "1",
                "R"
            ],
            "3,_": [
                1,
                "0",
                "R"
            ]
        }
    },
    "input": "10000",
    "execution": {
        "num_steps": 10,
        "result": "rejected"
    },
    "metrics": {
        "equanimity_importance": 0.016796875,
        "equanimity_subsets": -23.848915717715307,
        "equanimity_subsets_normalized": 0.9909978957403274,
        "entanglement": 6
    },
    "config_history": [
        "1000000100",
        "1000001010",
        "1000001100",
        "1010001010",
        "1010001100",
        "1010010010",
        "1010010100",
        "1010110010",
        "1010110100",
        "1010110110",
        "1010110110"
    ],
    "projected_function": 35840,
    "timestamp": "2025-02-10T20:58:55.620506"
}