{
    "transition_probability": 0.9,
    "tm_parameters": {
        "num_states": 4,
        "input_symbols": [
            "0",
            "1"
        ],
        "blank_symbol": "_",
        "initial_head_position": 1,
        "accepting_states": [
            0,
            1
        ],
        "transition_function": {
            "0,0": [
                3,
                "1",
                "R"
            ],
            "0,1": [
                2,
                "1",
                "L"
            ],
            "0,_": [
                2,
                "0",
                "R"
            ],
            "1,0": [
                2,
                "0",
                "R"
            ],
            "1,1": [
                1,
                "0",
                "L"
            ],
            "1,_": [
                0,
                "0",
                "L"
            ],
            "2,1": [
                0,
                "0",
                "L"
            ],
            "2,_": [
                2,
                "0",
                "R"
            ],
            "3,0": [
                1,
                "0",
                "L"
            ],
            "3,1": [
                1,
                "0",
                "R"
            ],
            "3,_": [
                0,
                "1",
                "R"
            ]
        }
    },
    "input": "11100",
    "execution": {
        "num_steps": 7,
        "result": "rejected"
    },
    "metrics": {
        "equanimity_importance": 0.012890625,
        "equanimity_subsets": -10.623493379259864,
        "equanimity_subsets_normalized": 0.9942404925633991,
        "entanglement": 8
    },
    "config_history": [
        "1110000100",
        "1110000110",
        "0110000100",
        "1110001011",
        "1010001101",
        "1000001001",
        "1000001110",
        "1000001110"
    ],
    "projected_function": 559112,
    "timestamp": "2025-02-10T20:59:37.404778"
}