{
    "transition_probability": 0.30000000000000004,
    "tm_parameters": {
        "num_states": 4,
        "input_symbols": [
            "0",
            "1"
        ],
        "blank_symbol": "_",
        "initial_head_position": 1,
        "accepting_states": [
            1,
            3
        ],
        "transition_function": {
            "0,1": [
                2,
                "0",
                "R"
            ],
            "2,1": [
                0,
                "0",
                "L"
            ],
            "3,1": [
                3,
                "1",
                "L"
            ]
        }
    },
    "input": "11110",
    "execution": {
        "num_steps": 3,
        "result": "rejected"
    },
    "metrics": {
        "equanimity_importance": 0.005859375,
        "equanimity_subsets": -2.9235860703483465,
        "equanimity_subsets_normalized": 0.9976507762121776,
        "entanglement": 4
    },
    "config_history": [
        "1111000100",
        "0111001010",
        "0011000100",
        "0011000100"
    ],
    "projected_function": 33685506,
    "timestamp": "2025-02-10T20:57:47.137618"
}