{
    "transition_probability": 0.7000000000000001,
    "tm_parameters": {
        "num_states": 4,
        "input_symbols": [
            "0",
            "1"
        ],
        "blank_symbol": "_",
        "initial_head_position": 1,
        "accepting_states": [
            1,
            2,
            3
        ],
        "transition_function": {
            "0,0": [
                1,
                "0",
                "R"
            ],
            "0,1": [
                3,
                "1",
                "L"
            ],
            "0,_": [
                2,
                "1",
                "L"
            ],
            "1,0": [
                3,
                "1",
                "R"
            ],
            "1,1": [
                0,
                "0",
                "L"
            ],
            "2,1": [
                2,
                "0",
                "R"
            ],
            "3,0": [
                2,
                "0",
                "R"
            ],
            "3,1": [
                2,
                "1",
                "L"
            ]
        }
    },
    "input": "01101",
    "execution": {
        "num_steps": 8,
        "result": "accepted"
    },
    "metrics": {
        "equanimity_importance": 0.01484375,
        "equanimity_subsets": -14.632374015687006,
        "equanimity_subsets_normalized": 0.9933635796440973,
        "entanglement": 6
    },
    "config_history": [
        "0110100100",
        "0110101001",
        "0010100100",
        "0010101001",
        "0110101111",
        "0110101010",
        "0010101110",
        "0000110010",
        "0000110010"
    ],
    "projected_function": 1141112832,
    "timestamp": "2025-02-10T20:59:07.356098"
}