{
    "transition_probability": 0.30000000000000004,
    "tm_parameters": {
        "num_states": 4,
        "input_symbols": [
            "0",
            "1"
        ],
        "blank_symbol": "_",
        "initial_head_position": 1,
        "accepting_states": [
            0,
            2
        ],
        "transition_function": {
            "0,0": [
                3,
                "0",
                "R"
            ],
            "0,_": [
                2,
                "1",
                "R"
            ],
            "1,1": [
                1,
                "0",
                "L"
            ],
            "2,1": [
                1,
                "0",
                "L"
            ],
            "3,0": [
                3,
                "1",
                "R"
            ],
            "3,1": [
                2,
                "0",
                "R"
            ]
        }
    },
    "input": "01110",
    "execution": {
        "num_steps": 4,
        "result": "rejected"
    },
    "metrics": {
        "equanimity_importance": 0.0078125,
        "equanimity_subsets": -4.036122397770957,
        "equanimity_subsets_normalized": 0.9968951294914125,
        "entanglement": 6
    },
    "config_history": [
        "0111000100",
        "0111001011",
        "0011001110",
        "0001001001",
        "0001001001"
    ],
    "projected_function": 570556416,
    "timestamp": "2025-02-10T20:57:57.291398"
}