{
    "transition_probability": 0.9,
    "tm_parameters": {
        "num_states": 4,
        "input_symbols": [
            "0",
            "1"
        ],
        "blank_symbol": "_",
        "initial_head_position": 1,
        "accepting_states": [
            0,
            2
        ],
        "transition_function": {
            "0,0": [
                2,
                "1",
                "R"
            ],
            "0,1": [
                0,
                "0",
                "R"
            ],
            "0,_": [
                1,
                "0",
                "L"
            ],
            "1,0": [
                2,
                "0",
                "R"
            ],
            "1,_": [
                3,
                "0",
                "R"
            ],
            "2,0": [
                1,
                "0",
                "L"
            ],
            "2,1": [
                0,
                "0",
                "L"
            ],
            "2,_": [
                3,
                "0",
                "R"
            ],
            "3,0": [
                1,
                "0",
                "L"
            ],
            "3,1": [
                1,
                "1",
                "R"
            ],
            "3,_": [
                2,
                "0",
                "L"
            ]
        }
    },
    "input": "01111",
    "execution": {
        "num_steps": 17,
        "result": "rejected"
    },
    "metrics": {
        "equanimity_importance": 0.030859375,
        "equanimity_subsets": -33.96653222280836,
        "equanimity_subsets_normalized": 0.9857962593199715,
        "entanglement": 14
    },
    "config_history": [
        "0111100100",
        "1111101010",
        "1011100100",
        "0011101000",
        "0111101110",
        "0101101000",
        "0001101100",
        "0011110010",
        "0010101100",
        "0000110000",
        "0001110110",
        "0001010000",
        "0000010100",
        "0000110110",
        "0000010000",
        "0001010110",
        "0001010001",
        "0001010001"
    ],
    "projected_function": 4111532289,
    "timestamp": "2025-02-10T20:59:27.648467"
}