{
    "transition_probability": 0.8,
    "tm_parameters": {
        "num_states": 4,
        "input_symbols": [
            "0",
            "1"
        ],
        "blank_symbol": "_",
        "initial_head_position": 1,
        "accepting_states": [
            0
        ],
        "transition_function": {
            "0,0": [
                3,
                "0",
                "L"
            ],
            "0,1": [
                3,
                "0",
                "L"
            ],
            "0,_": [
                1,
                "1",
                "R"
            ],
            "1,0": [
                1,
                "1",
                "R"
            ],
            "1,1": [
                0,
                "0",
                "R"
            ],
            "2,0": [
                0,
                "0",
                "R"
            ],
            "2,1": [
                2,
                "1",
                "L"
            ],
            "2,_": [
                0,
                "1",
                "L"
            ],
            "3,0": [
                1,
                "0",
                "L"
            ],
            "3,_": [
                2,
                "0",
                "R"
            ]
        }
    },
    "input": "00000",
    "execution": {
        "num_steps": 10,
        "result": "rejected"
    },
    "metrics": {
        "equanimity_importance": 0.01796875,
        "equanimity_subsets": -12.879266660175624,
        "equanimity_subsets_normalized": 0.9916351051936074,
        "entanglement": 10
    },
    "config_history": [
        "0000000100",
        "0000000111",
        "0000000101",
        "1000001001",
        "1100001101",
        "1110010001",
        "1111010101",
        "1111110101",
        "1111010100",
        "1111010011",
        "1111010011"
    ],
    "projected_function": 2147516555,
    "timestamp": "2025-02-10T20:59:16.639597"
}