{
    "transition_probability": 0.7000000000000001,
    "tm_parameters": {
        "num_states": 4,
        "input_symbols": [
            "0",
            "1"
        ],
        "blank_symbol": "_",
        "initial_head_position": 1,
        "accepting_states": [
            2,
            3
        ],
        "transition_function": {
            "0,0": [
                2,
                "1",
                "R"
            ],
            "0,1": [
                2,
                "1",
                "R"
            ],
            "0,_": [
                3,
                "1",
                "L"
            ],
            "1,0": [
                2,
                "0",
                "L"
            ],
            "1,1": [
                3,
                "1",
                "L"
            ],
            "2,0": [
                2,
                "0",
                "R"
            ],
            "2,_": [
                3,
                "0",
                "L"
            ],
            "3,0": [
                1,
                "0",
                "L"
            ],
            "3,_": [
                0,
                "1",
                "L"
            ]
        }
    },
    "input": "10001",
    "execution": {
        "num_steps": 5,
        "result": "accepted"
    },
    "metrics": {
        "equanimity_importance": 0.008984375,
        "equanimity_subsets": -9.151288329230413,
        "equanimity_subsets_normalized": 0.9957093641493056,
        "entanglement": 4
    },
    "config_history": [
        "1000100100",
        "1000101010",
        "1000101110",
        "1000110010",
        "1000110110",
        "1000110110"
    ],
    "projected_function": 16384,
    "timestamp": "2025-02-10T20:58:57.656361"
}