{
    "transition_probability": 0.30000000000000004,
    "tm_parameters": {
        "num_states": 4,
        "input_symbols": [
            "0",
            "1"
        ],
        "blank_symbol": "_",
        "initial_head_position": 1,
        "accepting_states": [
            2
        ],
        "transition_function": {
            "0,1": [
                1,
                "0",
                "R"
            ],
            "1,0": [
                3,
                "1",
                "L"
            ],
            "2,_": [
                3,
                "1",
                "R"
            ],
            "3,0": [
                1,
                "1",
                "R"
            ],
            "3,_": [
                0,
                "0",
                "R"
            ]
        }
    },
    "input": "10010",
    "execution": {
        "num_steps": 4,
        "result": "rejected"
    },
    "metrics": {
        "equanimity_importance": 0.0078125,
        "equanimity_subsets": -4.045974828326513,
        "equanimity_subsets_normalized": 0.9968830847361732,
        "entanglement": 6
    },
    "config_history": [
        "1001000100",
        "0001001001",
        "0101000111",
        "1101001001",
        "1101001001"
    ],
    "projected_function": 538976288,
    "timestamp": "2025-02-10T20:57:42.724247"
}