{
    "transition_probability": 0.6,
    "tm_parameters": {
        "num_states": 4,
        "input_symbols": [
            "0",
            "1"
        ],
        "blank_symbol": "_",
        "initial_head_position": 1,
        "accepting_states": [
            0,
            2
        ],
        "transition_function": {
            "0,0": [
                3,
                "1",
                "R"
            ],
            "0,1": [
                1,
                "0",
                "R"
            ],
            "1,0": [
                0,
                "1",
                "R"
            ],
            "1,1": [
                1,
                "1",
                "L"
            ],
            "1,_": [
                2,
                "0",
                "L"
            ],
            "2,1": [
                2,
                "1",
                "R"
            ],
            "2,_": [
                1,
                "0",
                "R"
            ],
            "3,0": [
                0,
                "1",
                "R"
            ],
            "3,1": [
                2,
                "0",
                "L"
            ]
        }
    },
    "input": "11001",
    "execution": {
        "num_steps": 9,
        "result": "accepted"
    },
    "metrics": {
        "equanimity_importance": 0.0171875,
        "equanimity_subsets": -7.059496855357336,
        "equanimity_subsets_normalized": 0.9928580317421565,
        "entanglement": 10
    },
    "config_history": [
        "1100100100",
        "0100101001",
        "0100100101",
        "1100101000",
        "1000101101",
        "1010110000",
        "1011110111",
        "1011010010",
        "1011010110",
        "1011010110"
    ],
    "projected_function": 4212544,
    "timestamp": "2025-02-10T20:58:42.599829"
}