{
    "transition_probability": 0.8,
    "tm_parameters": {
        "num_states": 4,
        "input_symbols": [
            "0",
            "1"
        ],
        "blank_symbol": "_",
        "initial_head_position": 1,
        "accepting_states": [
            1,
            2,
            3
        ],
        "transition_function": {
            "0,0": [
                2,
                "0",
                "R"
            ],
            "0,1": [
                2,
                "0",
                "R"
            ],
            "0,_": [
                3,
                "1",
                "L"
            ],
            "1,0": [
                0,
                "0",
                "L"
            ],
            "1,1": [
                2,
                "1",
                "L"
            ],
            "2,0": [
                2,
                "1",
                "R"
            ],
            "3,0": [
                2,
                "0",
                "R"
            ],
            "3,1": [
                3,
                "1",
                "R"
            ]
        }
    },
    "input": "10000",
    "execution": {
        "num_steps": 6,
        "result": "accepted"
    },
    "metrics": {
        "equanimity_importance": 0.011328125,
        "equanimity_subsets": -6.032718537345764,
        "equanimity_subsets_normalized": 0.995192628890749,
        "entanglement": 8
    },
    "config_history": [
        "1000000100",
        "0000001010",
        "0100001110",
        "0110010010",
        "0111010110",
        "0111110110",
        "0111110110"
    ],
    "projected_function": 2156625920,
    "timestamp": "2025-02-10T20:59:13.526264"
}