{
    "transition_probability": 0.7000000000000001,
    "tm_parameters": {
        "num_states": 4,
        "input_symbols": [
            "0",
            "1"
        ],
        "blank_symbol": "_",
        "initial_head_position": 1,
        "accepting_states": [
            3
        ],
        "transition_function": {
            "0,0": [
                3,
                "0",
                "R"
            ],
            "0,1": [
                1,
                "1",
                "L"
            ],
            "2,1": [
                1,
                "1",
                "L"
            ],
            "3,0": [
                0,
                "0",
                "R"
            ],
            "3,_": [
                3,
                "1",
                "L"
            ]
        }
    },
    "input": "00011",
    "execution": {
        "num_steps": 4,
        "result": "accepted"
    },
    "metrics": {
        "equanimity_importance": 0.007421875,
        "equanimity_subsets": -4.858301217215401,
        "equanimity_subsets_normalized": 0.9967293003627232,
        "entanglement": 4
    },
    "config_history": [
        "0001100100",
        "0001101011",
        "0001101100",
        "0001110011",
        "0001110011"
    ],
    "projected_function": 268435456,
    "timestamp": "2025-02-10T20:58:56.977040"
}