{
    "transition_probability": 0.5,
    "tm_parameters": {
        "num_states": 4,
        "input_symbols": [
            "0",
            "1"
        ],
        "blank_symbol": "_",
        "initial_head_position": 1,
        "accepting_states": [
            0,
            3
        ],
        "transition_function": {
            "0,0": [
                0,
                "1",
                "R"
            ],
            "0,1": [
                2,
                "0",
                "L"
            ],
            "0,_": [
                0,
                "0",
                "R"
            ],
            "1,_": [
                0,
                "0",
                "L"
            ],
            "2,0": [
                2,
                "1",
                "L"
            ],
            "2,1": [
                3,
                "0",
                "L"
            ],
            "2,_": [
                1,
                "0",
                "L"
            ],
            "3,0": [
                2,
                "0",
                "L"
            ]
        }
    },
    "input": "00010",
    "execution": {
        "num_steps": 6,
        "result": "accepted"
    },
    "metrics": {
        "equanimity_importance": 0.01171875,
        "equanimity_subsets": -5.884429846869575,
        "equanimity_subsets_normalized": 0.9953496272980221,
        "entanglement": 10
    },
    "config_history": [
        "0001000100",
        "1001001000",
        "1101001100",
        "1111010000",
        "1110001110",
        "1100001011",
        "1100001011"
    ],
    "projected_function": 536879274,
    "timestamp": "2025-02-10T20:58:28.240110"
}