{
    "transition_probability": 0.7000000000000001,
    "tm_parameters": {
        "num_states": 4,
        "input_symbols": [
            "1",
            "0"
        ],
        "blank_symbol": "_",
        "initial_head_position": 1,
        "accepting_states": [
            0,
            1,
            3
        ],
        "transition_function": {
            "0,1": [
                1,
                "0",
                "L"
            ],
            "0,0": [
                0,
                "1",
                "L"
            ],
            "0,_": [
                3,
                "1",
                "L"
            ],
            "1,0": [
                0,
                "1",
                "R"
            ],
            "2,_": [
                3,
                "0",
                "R"
            ],
            "3,1": [
                2,
                "0",
                "L"
            ],
            "3,_": [
                1,
                "1",
                "L"
            ]
        }
    },
    "input": "01100",
    "execution": {
        "num_steps": 5,
        "result": "accepted"
    },
    "metrics": {
        "equanimity_importance": 0.008984375,
        "equanimity_subsets": -8.7221588649447,
        "equanimity_subsets_normalized": 0.9957216583736359,
        "entanglement": 4
    },
    "config_history": [
        "0110000100",
        "1110000100",
        "0110000101",
        "1110001000",
        "1010000101",
        "1010000101"
    ],
    "projected_function": 526344,
    "timestamp": "2025-02-10T20:41:29.672676"
}