{
    "transition_probability": 0.9,
    "tm_parameters": {
        "num_states": 4,
        "input_symbols": [
            "1",
            "0"
        ],
        "blank_symbol": "_",
        "initial_head_position": 1,
        "accepting_states": [
            0,
            2,
            3
        ],
        "transition_function": {
            "0,1": [
                2,
                "1",
                "R"
            ],
            "0,0": [
                2,
                "1",
                "L"
            ],
            "0,_": [
                3,
                "1",
                "L"
            ],
            "1,1": [
                0,
                "1",
                "R"
            ],
            "1,0": [
                3,
                "0",
                "L"
            ],
            "1,_": [
                2,
                "1",
                "L"
            ],
            "2,1": [
                3,
                "1",
                "L"
            ],
            "2,0": [
                0,
                "0",
                "R"
            ],
            "2,_": [
                2,
                "1",
                "L"
            ],
            "3,0": [
                3,
                "1",
                "L"
            ],
            "3,_": [
                0,
                "0",
                "R"
            ]
        }
    },
    "input": "10011",
    "execution": {
        "num_steps": 7,
        "result": "accepted"
    },
    "metrics": {
        "equanimity_importance": 0.0125,
        "equanimity_subsets": -14.123753795926532,
        "equanimity_subsets_normalized": 0.993972642686632,
        "entanglement": 6
    },
    "config_history": [
        "1001100100",
        "1001101010",
        "1001101100",
        "1011101010",
        "1011101100",
        "1011110010",
        "1011101111",
        "1011101111"
    ],
    "projected_function": 4352,
    "timestamp": "2025-02-10T20:41:57.238413"
}