{
    "transition_probability": 0.7000000000000001,
    "tm_parameters": {
        "num_states": 4,
        "input_symbols": [
            "1",
            "0"
        ],
        "blank_symbol": "_",
        "initial_head_position": 1,
        "accepting_states": [
            3
        ],
        "transition_function": {
            "0,1": [
                2,
                "1",
                "L"
            ],
            "0,0": [
                1,
                "1",
                "L"
            ],
            "1,1": [
                0,
                "0",
                "R"
            ],
            "2,1": [
                3,
                "0",
                "R"
            ],
            "2,0": [
                3,
                "0",
                "R"
            ],
            "2,_": [
                1,
                "0",
                "R"
            ],
            "3,1": [
                1,
                "0",
                "R"
            ],
            "3,0": [
                3,
                "0",
                "R"
            ],
            "3,_": [
                3,
                "1",
                "R"
            ]
        }
    },
    "input": "11100",
    "execution": {
        "num_steps": 6,
        "result": "rejected"
    },
    "metrics": {
        "equanimity_importance": 0.011328125,
        "equanimity_subsets": -5.127733418298145,
        "equanimity_subsets_normalized": 0.9952283853197854,
        "entanglement": 8
    },
    "config_history": [
        "1110000100",
        "1110000110",
        "0110001011",
        "0010001101",
        "0000010000",
        "0001001101",
        "0001001101"
    ],
    "projected_function": 2819096584,
    "timestamp": "2025-02-10T20:41:27.203387"
}