{
    "transition_probability": 0.8,
    "tm_parameters": {
        "num_states": 4,
        "input_symbols": [
            "1",
            "0"
        ],
        "blank_symbol": "_",
        "initial_head_position": 1,
        "accepting_states": [
            1,
            2,
            3
        ],
        "transition_function": {
            "0,0": [
                2,
                "0",
                "R"
            ],
            "1,1": [
                3,
                "0",
                "R"
            ],
            "1,0": [
                1,
                "1",
                "R"
            ],
            "1,_": [
                3,
                "0",
                "R"
            ],
            "2,1": [
                1,
                "0",
                "R"
            ],
            "2,0": [
                3,
                "0",
                "L"
            ],
            "2,_": [
                2,
                "1",
                "L"
            ],
            "3,1": [
                3,
                "1",
                "L"
            ],
            "3,0": [
                0,
                "0",
                "L"
            ],
            "3,_": [
                2,
                "1",
                "L"
            ]
        }
    },
    "input": "01011",
    "execution": {
        "num_steps": 7,
        "result": "rejected"
    },
    "metrics": {
        "equanimity_importance": 0.01328125,
        "equanimity_subsets": -6.707459153069389,
        "equanimity_subsets_normalized": 0.9944562155102926,
        "entanglement": 10
    },
    "config_history": [
        "0101100100",
        "0101101010",
        "0001101101",
        "0011110001",
        "0010110111",
        "0010110011",
        "0010101100",
        "0010101100"
    ],
    "projected_function": 353370112,
    "timestamp": "2025-02-10T20:41:45.592538"
}