{
    "transition_probability": 0.7000000000000001,
    "tm_parameters": {
        "num_states": 4,
        "input_symbols": [
            "1",
            "0"
        ],
        "blank_symbol": "_",
        "initial_head_position": 1,
        "accepting_states": [
            0,
            2,
            3
        ],
        "transition_function": {
            "0,1": [
                2,
                "1",
                "R"
            ],
            "0,0": [
                0,
                "0",
                "L"
            ],
            "0,_": [
                0,
                "0",
                "R"
            ],
            "1,_": [
                2,
                "0",
                "R"
            ],
            "2,1": [
                3,
                "1",
                "L"
            ],
            "2,0": [
                0,
                "0",
                "R"
            ],
            "2,_": [
                3,
                "1",
                "R"
            ],
            "3,0": [
                3,
                "1",
                "L"
            ],
            "3,_": [
                3,
                "1",
                "L"
            ]
        }
    },
    "input": "10110",
    "execution": {
        "num_steps": 5,
        "result": "accepted"
    },
    "metrics": {
        "equanimity_importance": 0.009375,
        "equanimity_subsets": -8.155231781611365,
        "equanimity_subsets_normalized": 0.9958654470292349,
        "entanglement": 4
    },
    "config_history": [
        "1011000100",
        "1011001010",
        "1011001100",
        "1011010010",
        "1011001111",
        "1011001111"
    ],
    "projected_function": 512,
    "timestamp": "2025-02-10T20:41:24.806306"
}