{
    "transition_probability": 0.8,
    "tm_parameters": {
        "num_states": 4,
        "input_symbols": [
            "1",
            "0"
        ],
        "blank_symbol": "_",
        "initial_head_position": 1,
        "accepting_states": [
            0
        ],
        "transition_function": {
            "0,1": [
                1,
                "1",
                "L"
            ],
            "0,0": [
                2,
                "0",
                "L"
            ],
            "0,_": [
                3,
                "0",
                "R"
            ],
            "1,1": [
                1,
                "0",
                "L"
            ],
            "1,0": [
                2,
                "0",
                "L"
            ],
            "2,1": [
                3,
                "0",
                "L"
            ],
            "2,0": [
                2,
                "0",
                "R"
            ],
            "3,1": [
                1,
                "1",
                "R"
            ],
            "3,_": [
                1,
                "1",
                "L"
            ]
        }
    },
    "input": "10100",
    "execution": {
        "num_steps": 7,
        "result": "rejected"
    },
    "metrics": {
        "equanimity_importance": 0.012109375,
        "equanimity_subsets": -13.479265948704313,
        "equanimity_subsets_normalized": 0.9938688441685268,
        "entanglement": 6
    },
    "config_history": [
        "1010000100",
        "1010000101",
        "0010000101",
        "0010000110",
        "0010001010",
        "0010001110",
        "0000001011",
        "0000001011"
    ],
    "projected_function": 2281703424,
    "timestamp": "2025-02-10T20:41:50.758399"
}