{
    "transition_probability": 0.7000000000000001,
    "tm_parameters": {
        "num_states": 4,
        "input_symbols": [
            "1",
            "0"
        ],
        "blank_symbol": "_",
        "initial_head_position": 1,
        "accepting_states": [
            0,
            1
        ],
        "transition_function": {
            "0,1": [
                1,
                "1",
                "L"
            ],
            "0,0": [
                2,
                "0",
                "L"
            ],
            "1,1": [
                2,
                "0",
                "R"
            ],
            "1,0": [
                3,
                "0",
                "L"
            ],
            "1,_": [
                0,
                "0",
                "L"
            ],
            "2,1": [
                0,
                "0",
                "R"
            ]
        }
    },
    "input": "11001",
    "execution": {
        "num_steps": 5,
        "result": "rejected"
    },
    "metrics": {
        "equanimity_importance": 0.008984375,
        "equanimity_subsets": -6.601945571293907,
        "equanimity_subsets_normalized": 0.9958141750759548,
        "entanglement": 6
    },
    "config_history": [
        "1100100100",
        "1100100101",
        "0100101010",
        "0000101100",
        "0000101010",
        "0000101010"
    ],
    "projected_function": 1077936192,
    "timestamp": "2025-02-10T20:41:25.150140"
}