{
    "transition_probability": 0.8,
    "tm_parameters": {
        "num_states": 4,
        "input_symbols": [
            "1",
            "0"
        ],
        "blank_symbol": "_",
        "initial_head_position": 1,
        "accepting_states": [
            3
        ],
        "transition_function": {
            "0,1": [
                3,
                "0",
                "L"
            ],
            "0,_": [
                1,
                "1",
                "L"
            ],
            "1,1": [
                2,
                "0",
                "R"
            ],
            "1,0": [
                0,
                "0",
                "R"
            ],
            "1,_": [
                1,
                "1",
                "R"
            ],
            "2,1": [
                3,
                "1",
                "L"
            ],
            "2,0": [
                1,
                "1",
                "R"
            ],
            "2,_": [
                3,
                "0",
                "R"
            ],
            "3,0": [
                2,
                "1",
                "R"
            ],
            "3,_": [
                1,
                "0",
                "R"
            ]
        }
    },
    "input": "10110",
    "execution": {
        "num_steps": 8,
        "result": "accepted"
    },
    "metrics": {
        "equanimity_importance": 0.014453125,
        "equanimity_subsets": -11.900733390687005,
        "equanimity_subsets_normalized": 0.9933760700528583,
        "entanglement": 10
    },
    "config_history": [
        "1011000100",
        "0011000111",
        "1011001010",
        "1111001101",
        "1101010010",
        "1101001111",
        "1111010010",
        "1111001111",
        "1111001111"
    ],
    "projected_function": 33554978,
    "timestamp": "2025-02-10T20:41:46.968554"
}