{
    "transition_probability": 0.8,
    "tm_parameters": {
        "num_states": 4,
        "input_symbols": [
            "1",
            "0"
        ],
        "blank_symbol": "_",
        "initial_head_position": 1,
        "accepting_states": [
            2,
            3
        ],
        "transition_function": {
            "0,1": [
                2,
                "1",
                "R"
            ],
            "0,0": [
                1,
                "1",
                "L"
            ],
            "0,_": [
                2,
                "0",
                "R"
            ],
            "1,0": [
                2,
                "0",
                "R"
            ],
            "2,1": [
                3,
                "0",
                "L"
            ],
            "2,0": [
                1,
                "0",
                "R"
            ],
            "2,_": [
                1,
                "1",
                "R"
            ],
            "3,1": [
                2,
                "1",
                "R"
            ],
            "3,0": [
                2,
                "1",
                "L"
            ],
            "3,_": [
                1,
                "0",
                "L"
            ]
        }
    },
    "input": "11001",
    "execution": {
        "num_steps": 7,
        "result": "rejected"
    },
    "metrics": {
        "equanimity_importance": 0.01328125,
        "equanimity_subsets": -11.737797694736056,
        "equanimity_subsets_normalized": 0.9943161034962488,
        "entanglement": 6
    },
    "config_history": [
        "1100100100",
        "1100101010",
        "1000100111",
        "1000101010",
        "1000101101",
        "1000110010",
        "1000110101",
        "1000110101"
    ],
    "projected_function": 16448,
    "timestamp": "2025-02-10T20:41:54.171700"
}