{
    "transition_probability": 0.7000000000000001,
    "tm_parameters": {
        "num_states": 4,
        "input_symbols": [
            "1",
            "0"
        ],
        "blank_symbol": "_",
        "initial_head_position": 1,
        "accepting_states": [],
        "transition_function": {
            "0,1": [
                2,
                "1",
                "R"
            ],
            "0,0": [
                0,
                "1",
                "R"
            ],
            "1,_": [
                3,
                "1",
                "R"
            ],
            "2,1": [
                3,
                "1",
                "L"
            ],
            "2,0": [
                2,
                "0",
                "L"
            ],
            "2,_": [
                0,
                "0",
                "L"
            ],
            "3,0": [
                0,
                "0",
                "L"
            ],
            "3,_": [
                1,
                "0",
                "R"
            ]
        }
    },
    "input": "00101",
    "execution": {
        "num_steps": 6,
        "result": "rejected"
    },
    "metrics": {
        "equanimity_importance": 0.011328125,
        "equanimity_subsets": -8.973678358774338,
        "equanimity_subsets_normalized": 0.9951411849733383,
        "entanglement": 8
    },
    "config_history": [
        "0010100100",
        "1010101000",
        "1110101100",
        "1110110010",
        "1110101110",
        "1110101011",
        "1110101011"
    ],
    "projected_function": 67109892,
    "timestamp": "2025-02-10T20:41:33.744561"
}