{
    "transition_probability": 0.30000000000000004,
    "tm_parameters": {
        "num_states": 4,
        "input_symbols": [
            "1",
            "0"
        ],
        "blank_symbol": "_",
        "initial_head_position": 1,
        "accepting_states": [
            0,
            1,
            3
        ],
        "transition_function": {
            "0,0": [
                2,
                "1",
                "R"
            ],
            "1,0": [
                3,
                "0",
                "R"
            ],
            "2,0": [
                1,
                "0",
                "L"
            ],
            "3,1": [
                0,
                "0",
                "R"
            ],
            "3,0": [
                3,
                "1",
                "L"
            ]
        }
    },
    "input": "00010",
    "execution": {
        "num_steps": 3,
        "result": "accepted"
    },
    "metrics": {
        "equanimity_importance": 0.005859375,
        "equanimity_subsets": -2.9235860703483465,
        "equanimity_subsets_normalized": 0.9976507762121776,
        "entanglement": 4
    },
    "config_history": [
        "0001000100",
        "1001001010",
        "1001000101",
        "1001000101"
    ],
    "projected_function": 536879104,
    "timestamp": "2025-02-10T20:40:23.278306"
}