{
    "transition_probability": 0.7000000000000001,
    "tm_parameters": {
        "num_states": 4,
        "input_symbols": [
            "1",
            "0"
        ],
        "blank_symbol": "_",
        "initial_head_position": 1,
        "accepting_states": [
            0,
            1,
            2
        ],
        "transition_function": {
            "0,1": [
                1,
                "0",
                "R"
            ],
            "0,0": [
                0,
                "1",
                "R"
            ],
            "1,1": [
                2,
                "1",
                "R"
            ],
            "1,0": [
                0,
                "1",
                "R"
            ],
            "2,1": [
                1,
                "0",
                "L"
            ],
            "2,0": [
                3,
                "0",
                "L"
            ],
            "2,_": [
                1,
                "0",
                "R"
            ],
            "3,0": [
                1,
                "0",
                "R"
            ],
            "3,_": [
                3,
                "1",
                "L"
            ]
        }
    },
    "input": "10111",
    "execution": {
        "num_steps": 8,
        "result": "rejected"
    },
    "metrics": {
        "equanimity_importance": 0.014453125,
        "equanimity_subsets": -9.170816476004465,
        "equanimity_subsets_normalized": 0.9933764430454799,
        "entanglement": 8
    },
    "config_history": [
        "1011100100",
        "0011101001",
        "0111101100",
        "0101110001",
        "0101110110",
        "0101010001",
        "0101010110",
        "0101010011",
        "0101010011"
    ],
    "projected_function": 19988736,
    "timestamp": "2025-02-10T20:41:39.740526"
}