{
    "transition_probability": 0.9,
    "tm_parameters": {
        "num_states": 4,
        "input_symbols": [
            "1",
            "0"
        ],
        "blank_symbol": "_",
        "initial_head_position": 1,
        "accepting_states": [
            0,
            1,
            3
        ],
        "transition_function": {
            "0,1": [
                3,
                "0",
                "L"
            ],
            "0,0": [
                2,
                "0",
                "R"
            ],
            "0,_": [
                0,
                "1",
                "R"
            ],
            "1,1": [
                3,
                "1",
                "R"
            ],
            "1,0": [
                1,
                "1",
                "L"
            ],
            "1,_": [
                0,
                "0",
                "L"
            ],
            "2,1": [
                1,
                "1",
                "L"
            ],
            "2,0": [
                0,
                "1",
                "L"
            ],
            "2,_": [
                3,
                "1",
                "L"
            ],
            "3,0": [
                1,
                "1",
                "R"
            ],
            "3,_": [
                1,
                "0",
                "L"
            ]
        }
    },
    "input": "00000",
    "execution": {
        "num_steps": 7,
        "result": "accepted"
    },
    "metrics": {
        "equanimity_importance": 0.012109375,
        "equanimity_subsets": -12.227164014180502,
        "equanimity_subsets_normalized": 0.9939247276669457,
        "entanglement": 6
    },
    "config_history": [
        "0000000100",
        "0000001010",
        "0100000100",
        "0100001010",
        "0100000101",
        "1100000101",
        "1100001011",
        "1100001011"
    ],
    "projected_function": 2155872384,
    "timestamp": "2025-02-10T20:42:02.179594"
}