{
    "transition_probability": 0.7000000000000001,
    "tm_parameters": {
        "num_states": 4,
        "input_symbols": [
            "1",
            "0"
        ],
        "blank_symbol": "_",
        "initial_head_position": 1,
        "accepting_states": [
            1
        ],
        "transition_function": {
            "0,1": [
                3,
                "1",
                "L"
            ],
            "0,_": [
                0,
                "0",
                "L"
            ],
            "1,1": [
                3,
                "0",
                "R"
            ],
            "1,0": [
                0,
                "1",
                "L"
            ],
            "1,_": [
                1,
                "0",
                "L"
            ],
            "2,1": [
                0,
                "0",
                "R"
            ],
            "2,0": [
                3,
                "0",
                "L"
            ],
            "2,_": [
                3,
                "0",
                "L"
            ],
            "3,1": [
                1,
                "1",
                "R"
            ],
            "3,_": [
                2,
                "0",
                "R"
            ]
        }
    },
    "input": "10100",
    "execution": {
        "num_steps": 10,
        "result": "rejected"
    },
    "metrics": {
        "equanimity_importance": 0.01796875,
        "equanimity_subsets": -23.144984666128007,
        "equanimity_subsets_normalized": 0.9914484974694631,
        "entanglement": 8
    },
    "config_history": [
        "1010000100",
        "1010000111",
        "1010001001",
        "1110000100",
        "1110000111",
        "1110001001",
        "1010001111",
        "1010010001",
        "1011001100",
        "1011001011",
        "1011001011"
    ],
    "projected_function": 2568,
    "timestamp": "2025-02-10T20:21:40.119098"
}