{
    "transition_probability": 0.7000000000000001,
    "tm_parameters": {
        "num_states": 4,
        "input_symbols": [
            "1",
            "0"
        ],
        "blank_symbol": "_",
        "initial_head_position": 1,
        "accepting_states": [
            0,
            1,
            2,
            3
        ],
        "transition_function": {
            "0,1": [
                2,
                "0",
                "L"
            ],
            "1,1": [
                3,
                "1",
                "L"
            ],
            "1,0": [
                3,
                "0",
                "R"
            ],
            "2,1": [
                3,
                "1",
                "R"
            ],
            "2,0": [
                0,
                "0",
                "R"
            ],
            "2,_": [
                2,
                "1",
                "R"
            ],
            "3,_": [
                2,
                "1",
                "L"
            ]
        }
    },
    "input": "11010",
    "execution": {
        "num_steps": 5,
        "result": "accepted"
    },
    "metrics": {
        "equanimity_importance": 0.008984375,
        "equanimity_subsets": -7.741838924468509,
        "equanimity_subsets_normalized": 0.995793926905072,
        "entanglement": 4
    },
    "config_history": [
        "1101000100",
        "0101000110",
        "0101001000",
        "0001000110",
        "0001001000",
        "0001001000"
    ],
    "projected_function": 538968096,
    "timestamp": "2025-02-10T20:21:34.951857"
}