{
    "transition_probability": 0.30000000000000004,
    "tm_parameters": {
        "num_states": 4,
        "input_symbols": [
            "1",
            "0"
        ],
        "blank_symbol": "_",
        "initial_head_position": 1,
        "accepting_states": [
            1
        ],
        "transition_function": {
            "0,0": [
                1,
                "0",
                "R"
            ],
            "1,0": [
                1,
                "0",
                "R"
            ],
            "2,0": [
                2,
                "0",
                "L"
            ],
            "3,_": [
                3,
                "1",
                "L"
            ]
        }
    },
    "input": "00010",
    "execution": {
        "num_steps": 4,
        "result": "accepted"
    },
    "metrics": {
        "equanimity_importance": 0.007421875,
        "equanimity_subsets": -5.940977308485243,
        "equanimity_subsets_normalized": 0.996686520046658,
        "entanglement": 4
    },
    "config_history": [
        "0001000100",
        "0001001001",
        "0001001101",
        "0001010001",
        "0001010001"
    ],
    "projected_function": 536870912,
    "timestamp": "2025-02-10T20:20:20.226978"
}