{
    "transition_probability": 0.30000000000000004,
    "tm_parameters": {
        "num_states": 4,
        "input_symbols": [
            "1",
            "0"
        ],
        "blank_symbol": "_",
        "initial_head_position": 1,
        "accepting_states": [
            0,
            1,
            2,
            3
        ],
        "transition_function": {
            "0,0": [
                1,
                "1",
                "L"
            ],
            "1,1": [
                0,
                "0",
                "R"
            ],
            "1,0": [
                2,
                "1",
                "L"
            ],
            "2,_": [
                0,
                "0",
                "R"
            ],
            "3,_": [
                0,
                "1",
                "R"
            ]
        }
    },
    "input": "00110",
    "execution": {
        "num_steps": 5,
        "result": "accepted"
    },
    "metrics": {
        "equanimity_importance": 0.009765625,
        "equanimity_subsets": -7.190009807405017,
        "equanimity_subsets_normalized": 0.9960176813034785,
        "entanglement": 6
    },
    "config_history": [
        "0011000100",
        "1011000101",
        "0011001000",
        "0111000101",
        "1111000110",
        "1111000110"
    ],
    "projected_function": 33686018,
    "timestamp": "2025-02-10T20:20:25.977052"
}