{
    "transition_probability": 0.8,
    "tm_parameters": {
        "num_states": 4,
        "input_symbols": [
            "1",
            "0"
        ],
        "blank_symbol": "_",
        "initial_head_position": 1,
        "accepting_states": [
            3
        ],
        "transition_function": {
            "0,1": [
                1,
                "0",
                "R"
            ],
            "0,_": [
                1,
                "0",
                "L"
            ],
            "1,1": [
                3,
                "0",
                "L"
            ],
            "1,0": [
                2,
                "0",
                "R"
            ],
            "2,1": [
                3,
                "0",
                "R"
            ],
            "2,0": [
                0,
                "1",
                "L"
            ],
            "2,_": [
                0,
                "1",
                "R"
            ],
            "3,1": [
                0,
                "1",
                "R"
            ],
            "3,0": [
                1,
                "0",
                "R"
            ],
            "3,_": [
                1,
                "0",
                "R"
            ]
        }
    },
    "input": "11001",
    "execution": {
        "num_steps": 6,
        "result": "rejected"
    },
    "metrics": {
        "equanimity_importance": 0.011328125,
        "equanimity_subsets": -8.30582741631402,
        "equanimity_subsets_normalized": 0.9951608663891989,
        "entanglement": 8
    },
    "config_history": [
        "1100100100",
        "0100101001",
        "0000100111",
        "0000101001",
        "0000101110",
        "0010101000",
        "0010101000"
    ],
    "projected_function": 1145045056,
    "timestamp": "2025-02-10T20:21:58.582305"
}