{
    "transition_probability": 0.8,
    "tm_parameters": {
        "num_states": 4,
        "input_symbols": [
            "1",
            "0"
        ],
        "blank_symbol": "_",
        "initial_head_position": 1,
        "accepting_states": [
            0,
            2,
            3
        ],
        "transition_function": {
            "0,0": [
                3,
                "0",
                "L"
            ],
            "0,_": [
                3,
                "0",
                "R"
            ],
            "1,1": [
                3,
                "1",
                "R"
            ],
            "1,0": [
                0,
                "1",
                "L"
            ],
            "1,_": [
                0,
                "1",
                "L"
            ],
            "2,1": [
                0,
                "0",
                "R"
            ],
            "2,0": [
                2,
                "0",
                "R"
            ],
            "2,_": [
                1,
                "1",
                "L"
            ],
            "3,1": [
                1,
                "1",
                "R"
            ],
            "3,0": [
                3,
                "1",
                "R"
            ]
        }
    },
    "input": "01110",
    "execution": {
        "num_steps": 7,
        "result": "accepted"
    },
    "metrics": {
        "equanimity_importance": 0.013671875,
        "equanimity_subsets": -10.84409729791066,
        "equanimity_subsets_normalized": 0.9944485958038815,
        "entanglement": 8
    },
    "config_history": [
        "0111000100",
        "0111000111",
        "1111001011",
        "1111001101",
        "1111010011",
        "1111010101",
        "1111110000",
        "1111110000"
    ],
    "projected_function": 131075,
    "timestamp": "2025-02-10T20:21:45.253622"
}