{
    "transition_probability": 0.8,
    "tm_parameters": {
        "num_states": 4,
        "input_symbols": [
            "1",
            "0"
        ],
        "blank_symbol": "_",
        "initial_head_position": 1,
        "accepting_states": [
            1,
            3
        ],
        "transition_function": {
            "0,1": [
                0,
                "1",
                "L"
            ],
            "0,0": [
                2,
                "0",
                "R"
            ],
            "0,_": [
                2,
                "1",
                "L"
            ],
            "1,1": [
                2,
                "1",
                "L"
            ],
            "1,0": [
                1,
                "0",
                "R"
            ],
            "1,_": [
                2,
                "1",
                "L"
            ],
            "2,0": [
                0,
                "0",
                "R"
            ],
            "2,_": [
                0,
                "0",
                "L"
            ],
            "3,1": [
                2,
                "1",
                "R"
            ],
            "3,0": [
                0,
                "0",
                "L"
            ],
            "3,_": [
                0,
                "1",
                "R"
            ]
        }
    },
    "input": "00001",
    "execution": {
        "num_steps": 7,
        "result": "rejected"
    },
    "metrics": {
        "equanimity_importance": 0.011328125,
        "equanimity_subsets": -17.121775869339228,
        "equanimity_subsets_normalized": 0.9934923492916047,
        "entanglement": 4
    },
    "config_history": [
        "0000100100",
        "0000101010",
        "0000101100",
        "0000110010",
        "0000110100",
        "0000110000",
        "0000110110",
        "0000110110"
    ],
    "projected_function": 1073741824,
    "timestamp": "2025-02-10T20:21:54.156856"
}