{
    "transition_probability": 0.7000000000000001,
    "tm_parameters": {
        "num_states": 4,
        "input_symbols": [
            "1",
            "0"
        ],
        "blank_symbol": "_",
        "initial_head_position": 1,
        "accepting_states": [
            1,
            2,
            3
        ],
        "transition_function": {
            "0,1": [
                1,
                "0",
                "R"
            ],
            "1,1": [
                0,
                "0",
                "R"
            ],
            "1,0": [
                2,
                "0",
                "L"
            ],
            "2,1": [
                0,
                "0",
                "L"
            ],
            "2,0": [
                1,
                "0",
                "L"
            ],
            "3,0": [
                1,
                "1",
                "R"
            ],
            "3,_": [
                3,
                "0",
                "R"
            ]
        }
    },
    "input": "11110",
    "execution": {
        "num_steps": 5,
        "result": "rejected"
    },
    "metrics": {
        "equanimity_importance": 0.009765625,
        "equanimity_subsets": -4.3002280613732715,
        "equanimity_subsets_normalized": 0.9961400107731895,
        "entanglement": 8
    },
    "config_history": [
        "1111000100",
        "0111001001",
        "0011001100",
        "0001010001",
        "0000010100",
        "0000010100"
    ],
    "projected_function": 2718040066,
    "timestamp": "2025-02-10T20:21:34.269899"
}