{
    "transition_probability": 0.4,
    "tm_parameters": {
        "num_states": 4,
        "input_symbols": [
            "1",
            "0"
        ],
        "blank_symbol": "_",
        "initial_head_position": 1,
        "accepting_states": [
            2
        ],
        "transition_function": {
            "0,1": [
                3,
                "1",
                "R"
            ],
            "0,0": [
                0,
                "1",
                "R"
            ],
            "0,_": [
                2,
                "0",
                "L"
            ],
            "1,0": [
                3,
                "1",
                "L"
            ],
            "1,_": [
                2,
                "1",
                "R"
            ],
            "2,0": [
                0,
                "1",
                "L"
            ],
            "3,1": [
                2,
                "0",
                "R"
            ],
            "3,0": [
                3,
                "1",
                "L"
            ]
        }
    },
    "input": "11001",
    "execution": {
        "num_steps": 8,
        "result": "accepted"
    },
    "metrics": {
        "equanimity_importance": 0.015625,
        "equanimity_subsets": -9.928170146639385,
        "equanimity_subsets_normalized": 0.9937910509866381,
        "entanglement": 10
    },
    "config_history": [
        "1100100100",
        "1100101011",
        "1000101110",
        "1010101000",
        "1110101100",
        "1110110011",
        "1111101111",
        "1101110010",
        "1101110010"
    ],
    "projected_function": 17493,
    "timestamp": "2025-02-10T20:20:42.224215"
}