{
    "transition_probability": 0.8,
    "tm_parameters": {
        "num_states": 4,
        "input_symbols": [
            "1",
            "0"
        ],
        "blank_symbol": "_",
        "initial_head_position": 1,
        "accepting_states": [],
        "transition_function": {
            "0,1": [
                3,
                "0",
                "R"
            ],
            "0,0": [
                1,
                "0",
                "L"
            ],
            "0,_": [
                1,
                "1",
                "R"
            ],
            "1,1": [
                1,
                "1",
                "R"
            ],
            "1,_": [
                0,
                "1",
                "R"
            ],
            "2,1": [
                1,
                "0",
                "R"
            ],
            "2,0": [
                1,
                "0",
                "R"
            ],
            "2,_": [
                0,
                "1",
                "L"
            ],
            "3,1": [
                0,
                "1",
                "R"
            ],
            "3,0": [
                0,
                "0",
                "R"
            ],
            "3,_": [
                3,
                "1",
                "L"
            ]
        }
    },
    "input": "10100",
    "execution": {
        "num_steps": 6,
        "result": "rejected"
    },
    "metrics": {
        "equanimity_importance": 0.011328125,
        "equanimity_subsets": -7.490481434171161,
        "equanimity_subsets_normalized": 0.995164790077815,
        "entanglement": 6
    },
    "config_history": [
        "1010000100",
        "0010001011",
        "0010001100",
        "0000010011",
        "0000010100",
        "0000010001",
        "0000010001"
    ],
    "projected_function": 2281703424,
    "timestamp": "2025-02-10T20:21:53.810698"
}