{
    "transition_probability": 0.6,
    "tm_parameters": {
        "num_states": 4,
        "input_symbols": [
            "1",
            "0"
        ],
        "blank_symbol": "_",
        "initial_head_position": 1,
        "accepting_states": [
            0,
            1,
            2
        ],
        "transition_function": {
            "0,1": [
                1,
                "0",
                "L"
            ],
            "0,0": [
                2,
                "0",
                "L"
            ],
            "0,_": [
                1,
                "0",
                "L"
            ],
            "1,1": [
                1,
                "0",
                "L"
            ],
            "1,0": [
                0,
                "1",
                "R"
            ],
            "1,_": [
                1,
                "0",
                "L"
            ],
            "2,1": [
                0,
                "0",
                "R"
            ],
            "2,_": [
                3,
                "1",
                "R"
            ],
            "3,1": [
                0,
                "0",
                "R"
            ],
            "3,0": [
                0,
                "1",
                "R"
            ],
            "3,_": [
                3,
                "1",
                "L"
            ]
        }
    },
    "input": "11011",
    "execution": {
        "num_steps": 9,
        "result": "accepted"
    },
    "metrics": {
        "equanimity_importance": 0.015625,
        "equanimity_subsets": -20.732041498214475,
        "equanimity_subsets_normalized": 0.9920879642547124,
        "entanglement": 6
    },
    "config_history": [
        "1101100100",
        "0101100101",
        "1101101000",
        "1001100101",
        "0001100101",
        "1001101000",
        "1001100110",
        "0001101000",
        "0001100110",
        "0001100110"
    ],
    "projected_function": 269488144,
    "timestamp": "2025-02-10T20:21:18.909865"
}