{
    "transition_probability": 0.7000000000000001,
    "tm_parameters": {
        "num_states": 4,
        "input_symbols": [
            "1",
            "0"
        ],
        "blank_symbol": "_",
        "initial_head_position": 1,
        "accepting_states": [
            0
        ],
        "transition_function": {
            "0,1": [
                2,
                "1",
                "R"
            ],
            "0,0": [
                3,
                "0",
                "R"
            ],
            "0,_": [
                0,
                "0",
                "L"
            ],
            "1,1": [
                1,
                "1",
                "R"
            ],
            "1,0": [
                3,
                "0",
                "R"
            ],
            "1,_": [
                2,
                "0",
                "R"
            ],
            "2,1": [
                1,
                "0",
                "L"
            ],
            "2,0": [
                1,
                "0",
                "L"
            ],
            "3,1": [
                1,
                "0",
                "R"
            ],
            "3,_": [
                3,
                "1",
                "L"
            ]
        }
    },
    "input": "10010",
    "execution": {
        "num_steps": 5,
        "result": "rejected"
    },
    "metrics": {
        "equanimity_importance": 0.009375,
        "equanimity_subsets": -8.625048249865335,
        "equanimity_subsets_normalized": 0.9958372594439794,
        "entanglement": 4
    },
    "config_history": [
        "1001000100",
        "1001001010",
        "1001000101",
        "1001001001",
        "1001001111",
        "1001001111"
    ],
    "projected_function": 8192,
    "timestamp": "2025-02-10T20:21:44.547428"
}