{
    "transition_probability": 0.30000000000000004,
    "tm_parameters": {
        "num_states": 4,
        "input_symbols": [
            "1",
            "0"
        ],
        "blank_symbol": "_",
        "initial_head_position": 1,
        "accepting_states": [
            0,
            1,
            2,
            3
        ],
        "transition_function": {
            "0,1": [
                0,
                "0",
                "L"
            ],
            "0,0": [
                2,
                "1",
                "L"
            ],
            "2,1": [
                3,
                "0",
                "R"
            ],
            "2,0": [
                1,
                "1",
                "L"
            ]
        }
    },
    "input": "11000",
    "execution": {
        "num_steps": 4,
        "result": "accepted"
    },
    "metrics": {
        "equanimity_importance": 0.00703125,
        "equanimity_subsets": -5.425228300548736,
        "equanimity_subsets_normalized": 0.9965855117071243,
        "entanglement": 4
    },
    "config_history": [
        "1100000100",
        "0100000100",
        "1100000110",
        "0100001011",
        "0100001011"
    ],
    "projected_function": 8388736,
    "timestamp": "2025-02-10T20:20:29.684843"
}