{
    "transition_probability": 0.7000000000000001,
    "tm_parameters": {
        "num_states": 4,
        "input_symbols": [
            "1",
            "0"
        ],
        "blank_symbol": "_",
        "initial_head_position": 1,
        "accepting_states": [
            0,
            1
        ],
        "transition_function": {
            "0,1": [
                2,
                "0",
                "L"
            ],
            "0,_": [
                3,
                "1",
                "L"
            ],
            "1,0": [
                2,
                "1",
                "R"
            ],
            "1,_": [
                0,
                "0",
                "L"
            ],
            "2,1": [
                2,
                "1",
                "R"
            ],
            "2,0": [
                1,
                "0",
                "L"
            ],
            "2,_": [
                2,
                "1",
                "R"
            ],
            "3,0": [
                2,
                "0",
                "L"
            ],
            "3,_": [
                0,
                "1",
                "L"
            ]
        }
    },
    "input": "11011",
    "execution": {
        "num_steps": 6,
        "result": "accepted"
    },
    "metrics": {
        "equanimity_importance": 0.011328125,
        "equanimity_subsets": -10.583388180202906,
        "equanimity_subsets_normalized": 0.9950396704295325,
        "entanglement": 4
    },
    "config_history": [
        "1101100100",
        "0101100110",
        "0101100101",
        "1101101010",
        "1101101110",
        "1101101001",
        "1101101001"
    ],
    "projected_function": 1048592,
    "timestamp": "2025-02-10T20:21:29.469906"
}