{
    "transition_probability": 0.8,
    "tm_parameters": {
        "num_states": 4,
        "input_symbols": [
            "1",
            "0"
        ],
        "blank_symbol": "_",
        "initial_head_position": 1,
        "accepting_states": [
            0,
            1,
            2
        ],
        "transition_function": {
            "0,1": [
                3,
                "1",
                "R"
            ],
            "0,0": [
                2,
                "0",
                "R"
            ],
            "0,_": [
                1,
                "1",
                "L"
            ],
            "2,1": [
                3,
                "0",
                "L"
            ],
            "2,0": [
                1,
                "0",
                "R"
            ],
            "2,_": [
                2,
                "1",
                "L"
            ],
            "3,1": [
                2,
                "0",
                "R"
            ],
            "3,0": [
                2,
                "0",
                "R"
            ]
        }
    },
    "input": "10101",
    "execution": {
        "num_steps": 6,
        "result": "accepted"
    },
    "metrics": {
        "equanimity_importance": 0.0109375,
        "equanimity_subsets": -9.397562287345767,
        "equanimity_subsets_normalized": 0.9949838014632937,
        "entanglement": 6
    },
    "config_history": [
        "1010100100",
        "1010101011",
        "1010101110",
        "1000101011",
        "1000101110",
        "1000110001",
        "1000110001"
    ],
    "projected_function": 17408,
    "timestamp": "2025-02-10T20:21:57.894504"
}