{
    "transition_probability": 0.9,
    "tm_parameters": {
        "num_states": 4,
        "input_symbols": [
            "1",
            "0"
        ],
        "blank_symbol": "_",
        "initial_head_position": 1,
        "accepting_states": [
            0,
            3
        ],
        "transition_function": {
            "0,1": [
                2,
                "1",
                "L"
            ],
            "0,0": [
                3,
                "1",
                "L"
            ],
            "0,_": [
                1,
                "1",
                "R"
            ],
            "1,1": [
                3,
                "0",
                "R"
            ],
            "1,0": [
                0,
                "1",
                "L"
            ],
            "1,_": [
                1,
                "1",
                "L"
            ],
            "2,1": [
                1,
                "1",
                "L"
            ],
            "2,0": [
                0,
                "1",
                "R"
            ],
            "2,_": [
                0,
                "1",
                "L"
            ],
            "3,1": [
                1,
                "0",
                "R"
            ]
        }
    },
    "input": "11001",
    "execution": {
        "num_steps": 7,
        "result": "accepted"
    },
    "metrics": {
        "equanimity_importance": 0.012890625,
        "equanimity_subsets": -9.755382020132881,
        "equanimity_subsets_normalized": 0.9942771257672991,
        "entanglement": 8
    },
    "config_history": [
        "1100100100",
        "1100100110",
        "1100100101",
        "0100101011",
        "0000101101",
        "0010101000",
        "0110100111",
        "0110100111"
    ],
    "projected_function": 1145307200,
    "timestamp": "2025-02-10T20:31:38.175372"
}