{
    "transition_probability": 0.5,
    "tm_parameters": {
        "num_states": 4,
        "input_symbols": [
            "1",
            "0"
        ],
        "blank_symbol": "_",
        "initial_head_position": 1,
        "accepting_states": [
            0,
            1,
            2,
            3
        ],
        "transition_function": {
            "0,0": [
                3,
                "1",
                "R"
            ],
            "1,1": [
                0,
                "1",
                "R"
            ],
            "1,0": [
                3,
                "1",
                "R"
            ],
            "1,_": [
                3,
                "0",
                "R"
            ],
            "2,_": [
                1,
                "0",
                "L"
            ],
            "3,1": [
                1,
                "1",
                "L"
            ],
            "3,0": [
                0,
                "1",
                "R"
            ]
        }
    },
    "input": "00011",
    "execution": {
        "num_steps": 6,
        "result": "accepted"
    },
    "metrics": {
        "equanimity_importance": 0.01171875,
        "equanimity_subsets": -5.710552118694972,
        "equanimity_subsets_normalized": 0.9953398810492622,
        "entanglement": 8
    },
    "config_history": [
        "0001100100",
        "1001101011",
        "1101101100",
        "1111110011",
        "1111101101",
        "1111110000",
        "1111110000"
    ],
    "projected_function": 268439569,
    "timestamp": "2025-02-10T20:30:16.865606"
}