{
    "transition_probability": 0.7000000000000001,
    "tm_parameters": {
        "num_states": 4,
        "input_symbols": [
            "1",
            "0"
        ],
        "blank_symbol": "_",
        "initial_head_position": 1,
        "accepting_states": [
            0,
            3
        ],
        "transition_function": {
            "0,1": [
                3,
                "0",
                "R"
            ],
            "0,0": [
                2,
                "1",
                "L"
            ],
            "1,1": [
                2,
                "1",
                "R"
            ],
            "2,1": [
                0,
                "1",
                "L"
            ],
            "2,0": [
                1,
                "0",
                "R"
            ],
            "3,_": [
                2,
                "0",
                "L"
            ]
        }
    },
    "input": "01100",
    "execution": {
        "num_steps": 4,
        "result": "accepted"
    },
    "metrics": {
        "equanimity_importance": 0.00703125,
        "equanimity_subsets": -5.425228300548736,
        "equanimity_subsets_normalized": 0.9965855117071243,
        "entanglement": 4
    },
    "config_history": [
        "0110000100",
        "1110000110",
        "1110000100",
        "0110001011",
        "0110001011"
    ],
    "projected_function": 524296,
    "timestamp": "2025-02-10T20:30:53.371944"
}