{
    "transition_probability": 0.5,
    "tm_parameters": {
        "num_states": 4,
        "input_symbols": [
            "1",
            "0"
        ],
        "blank_symbol": "_",
        "initial_head_position": 1,
        "accepting_states": [
            0,
            2,
            3
        ],
        "transition_function": {
            "0,1": [
                1,
                "1",
                "R"
            ],
            "1,1": [
                0,
                "1",
                "R"
            ],
            "1,0": [
                2,
                "0",
                "R"
            ],
            "1,_": [
                3,
                "1",
                "L"
            ],
            "2,1": [
                0,
                "0",
                "R"
            ],
            "2,0": [
                2,
                "0",
                "L"
            ],
            "3,1": [
                3,
                "1",
                "L"
            ],
            "3,_": [
                0,
                "1",
                "L"
            ]
        }
    },
    "input": "11100",
    "execution": {
        "num_steps": 8,
        "result": "accepted"
    },
    "metrics": {
        "equanimity_importance": 0.014453125,
        "equanimity_subsets": -17.070940483940976,
        "equanimity_subsets_normalized": 0.9931467062329489,
        "entanglement": 6
    },
    "config_history": [
        "1110000100",
        "1110001001",
        "1110001100",
        "1110010001",
        "1110010110",
        "1110010010",
        "1110001110",
        "1100010000",
        "1100010000"
    ],
    "projected_function": 136,
    "timestamp": "2025-02-10T20:30:21.626101"
}