{
    "transition_probability": 0.8,
    "tm_parameters": {
        "num_states": 4,
        "input_symbols": [
            "1",
            "0"
        ],
        "blank_symbol": "_",
        "initial_head_position": 1,
        "accepting_states": [
            1
        ],
        "transition_function": {
            "0,1": [
                0,
                "0",
                "L"
            ],
            "0,0": [
                3,
                "0",
                "L"
            ],
            "0,_": [
                3,
                "0",
                "L"
            ],
            "1,1": [
                0,
                "0",
                "L"
            ],
            "1,_": [
                0,
                "1",
                "L"
            ],
            "2,1": [
                2,
                "1",
                "L"
            ],
            "2,0": [
                0,
                "0",
                "L"
            ],
            "2,_": [
                1,
                "1",
                "R"
            ],
            "3,1": [
                1,
                "0",
                "R"
            ],
            "3,0": [
                3,
                "1",
                "R"
            ],
            "3,_": [
                1,
                "1",
                "R"
            ]
        }
    },
    "input": "10011",
    "execution": {
        "num_steps": 10,
        "result": "accepted"
    },
    "metrics": {
        "equanimity_importance": 0.019140625,
        "equanimity_subsets": -7.357118842715308,
        "equanimity_subsets_normalized": 0.9921788170224144,
        "entanglement": 12
    },
    "config_history": [
        "1001100100",
        "0001100100",
        "0001100111",
        "1001101011",
        "1101101111",
        "1111110011",
        "1110110101",
        "1110010000",
        "1110001111",
        "1100010001",
        "1100010001"
    ],
    "projected_function": 268439709,
    "timestamp": "2025-02-10T20:31:22.448872"
}