{
    "transition_probability": 0.30000000000000004,
    "tm_parameters": {
        "num_states": 4,
        "input_symbols": [
            "1",
            "0"
        ],
        "blank_symbol": "_",
        "initial_head_position": 1,
        "accepting_states": [
            0,
            1
        ],
        "transition_function": {
            "0,1": [
                1,
                "1",
                "L"
            ],
            "0,0": [
                0,
                "0",
                "R"
            ],
            "0,_": [
                0,
                "1",
                "R"
            ],
            "2,0": [
                2,
                "1",
                "L"
            ],
            "3,1": [
                2,
                "0",
                "R"
            ],
            "3,_": [
                3,
                "0",
                "L"
            ]
        }
    },
    "input": "00010",
    "execution": {
        "num_steps": 5,
        "result": "accepted"
    },
    "metrics": {
        "equanimity_importance": 0.00859375,
        "equanimity_subsets": -9.758902416532004,
        "equanimity_subsets_normalized": 0.9955496821327815,
        "entanglement": 4
    },
    "config_history": [
        "0001000100",
        "0001001000",
        "0001001100",
        "0001010000",
        "0001001101",
        "0001001101"
    ],
    "projected_function": 536870912,
    "timestamp": "2025-02-10T20:29:47.890733"
}