{
    "transition_probability": 0.4,
    "tm_parameters": {
        "num_states": 4,
        "input_symbols": [
            "1",
            "0"
        ],
        "blank_symbol": "_",
        "initial_head_position": 1,
        "accepting_states": [
            0,
            1,
            2,
            3
        ],
        "transition_function": {
            "0,0": [
                1,
                "1",
                "R"
            ],
            "1,0": [
                1,
                "1",
                "R"
            ],
            "2,0": [
                1,
                "0",
                "R"
            ],
            "3,0": [
                3,
                "1",
                "L"
            ]
        }
    },
    "input": "00000",
    "execution": {
        "num_steps": 6,
        "result": "accepted"
    },
    "metrics": {
        "equanimity_importance": 0.011328125,
        "equanimity_subsets": -6.032718537345764,
        "equanimity_subsets_normalized": 0.995192628890749,
        "entanglement": 8
    },
    "config_history": [
        "0000000100",
        "1000001001",
        "1100001101",
        "1110010001",
        "1111010101",
        "1111110101",
        "1111110101"
    ],
    "projected_function": 2147516555,
    "timestamp": "2025-02-10T20:30:01.180507"
}