{
    "transition_probability": 0.7000000000000001,
    "tm_parameters": {
        "num_states": 4,
        "input_symbols": [
            "1",
            "0"
        ],
        "blank_symbol": "_",
        "initial_head_position": 1,
        "accepting_states": [
            0,
            1,
            2
        ],
        "transition_function": {
            "0,0": [
                2,
                "1",
                "R"
            ],
            "0,_": [
                3,
                "1",
                "R"
            ],
            "1,1": [
                1,
                "0",
                "L"
            ],
            "1,_": [
                0,
                "1",
                "R"
            ],
            "2,1": [
                0,
                "1",
                "L"
            ],
            "2,0": [
                1,
                "0",
                "L"
            ],
            "2,_": [
                1,
                "1",
                "L"
            ],
            "3,1": [
                0,
                "0",
                "R"
            ]
        }
    },
    "input": "00101",
    "execution": {
        "num_steps": 4,
        "result": "accepted"
    },
    "metrics": {
        "equanimity_importance": 0.00703125,
        "equanimity_subsets": -5.425228300548736,
        "equanimity_subsets_normalized": 0.9965855117071243,
        "entanglement": 4
    },
    "config_history": [
        "0010100100",
        "1010101010",
        "1010100101",
        "0010100101",
        "0010100101"
    ],
    "projected_function": 67109888,
    "timestamp": "2025-02-10T20:31:03.395884"
}