{
    "transition_probability": 0.7000000000000001,
    "tm_parameters": {
        "num_states": 4,
        "input_symbols": [
            "1",
            "0"
        ],
        "blank_symbol": "_",
        "initial_head_position": 1,
        "accepting_states": [],
        "transition_function": {
            "0,1": [
                0,
                "1",
                "R"
            ],
            "0,0": [
                2,
                "1",
                "R"
            ],
            "1,1": [
                1,
                "0",
                "R"
            ],
            "1,0": [
                3,
                "1",
                "L"
            ],
            "1,_": [
                3,
                "0",
                "R"
            ],
            "2,0": [
                3,
                "1",
                "R"
            ],
            "3,1": [
                0,
                "1",
                "L"
            ],
            "3,0": [
                1,
                "1",
                "R"
            ],
            "3,_": [
                0,
                "0",
                "L"
            ]
        }
    },
    "input": "00110",
    "execution": {
        "num_steps": 8,
        "result": "rejected"
    },
    "metrics": {
        "equanimity_importance": 0.01484375,
        "equanimity_subsets": -14.114244055369543,
        "equanimity_subsets_normalized": 0.9933942473880828,
        "entanglement": 9
    },
    "config_history": [
        "0011000100",
        "1011001010",
        "1111001111",
        "1111001000",
        "1111001100",
        "1111010000",
        "1111010100",
        "1111110110",
        "1111110110"
    ],
    "projected_function": 33554947,
    "timestamp": "2025-02-10T20:31:06.163919"
}