{
    "transition_probability": 0.7000000000000001,
    "tm_parameters": {
        "num_states": 4,
        "input_symbols": [
            "1",
            "0"
        ],
        "blank_symbol": "_",
        "initial_head_position": 1,
        "accepting_states": [],
        "transition_function": {
            "0,1": [
                0,
                "0",
                "R"
            ],
            "0,0": [
                1,
                "0",
                "L"
            ],
            "1,0": [
                3,
                "0",
                "L"
            ],
            "1,_": [
                1,
                "1",
                "R"
            ],
            "2,0": [
                2,
                "0",
                "R"
            ],
            "3,1": [
                1,
                "1",
                "L"
            ],
            "3,0": [
                1,
                "1",
                "L"
            ],
            "3,_": [
                0,
                "1",
                "R"
            ]
        }
    },
    "input": "11001",
    "execution": {
        "num_steps": 6,
        "result": "rejected"
    },
    "metrics": {
        "equanimity_importance": 0.01171875,
        "equanimity_subsets": -9.362914469885448,
        "equanimity_subsets_normalized": 0.9952139451768663,
        "entanglement": 6
    },
    "config_history": [
        "1100100100",
        "0100101000",
        "0000101100",
        "0000101001",
        "0000100111",
        "1000100101",
        "1000100101"
    ],
    "projected_function": 1077952576,
    "timestamp": "2025-02-10T20:30:56.107646"
}