{
    "transition_probability": 0.30000000000000004,
    "tm_parameters": {
        "num_states": 4,
        "input_symbols": [
            "1",
            "0"
        ],
        "blank_symbol": "_",
        "initial_head_position": 1,
        "accepting_states": [
            0
        ],
        "transition_function": {
            "0,0": [
                1,
                "1",
                "L"
            ],
            "0,_": [
                0,
                "1",
                "R"
            ],
            "1,1": [
                1,
                "0",
                "R"
            ],
            "1,0": [
                0,
                "1",
                "L"
            ],
            "2,1": [
                1,
                "0",
                "L"
            ],
            "2,0": [
                1,
                "0",
                "L"
            ],
            "2,_": [
                2,
                "1",
                "L"
            ],
            "3,0": [
                1,
                "0",
                "R"
            ]
        }
    },
    "input": "01010",
    "execution": {
        "num_steps": 7,
        "result": "accepted"
    },
    "metrics": {
        "equanimity_importance": 0.013671875,
        "equanimity_subsets": -12.151190551878914,
        "equanimity_subsets_normalized": 0.9943876236204117,
        "entanglement": 6
    },
    "config_history": [
        "0101000100",
        "1101000101",
        "0101001001",
        "0001001101",
        "0011001000",
        "0111000101",
        "1111000100",
        "1111000100"
    ],
    "projected_function": 572653602,
    "timestamp": "2025-02-10T20:29:51.659793"
}