{
    "transition_probability": 0.9,
    "tm_parameters": {
        "num_states": 4,
        "input_symbols": [
            "1",
            "0"
        ],
        "blank_symbol": "_",
        "initial_head_position": 1,
        "accepting_states": [
            0,
            1
        ],
        "transition_function": {
            "0,1": [
                2,
                "0",
                "L"
            ],
            "0,_": [
                3,
                "0",
                "L"
            ],
            "1,1": [
                2,
                "0",
                "L"
            ],
            "1,0": [
                3,
                "1",
                "R"
            ],
            "2,1": [
                0,
                "0",
                "R"
            ],
            "2,0": [
                2,
                "1",
                "L"
            ],
            "2,_": [
                1,
                "0",
                "L"
            ],
            "3,1": [
                3,
                "0",
                "L"
            ],
            "3,0": [
                1,
                "1",
                "R"
            ],
            "3,_": [
                2,
                "1",
                "R"
            ]
        }
    },
    "input": "11001",
    "execution": {
        "num_steps": 7,
        "result": "accepted"
    },
    "metrics": {
        "equanimity_importance": 0.011328125,
        "equanimity_subsets": -14.915736682831296,
        "equanimity_subsets_normalized": 0.9935938032846602,
        "entanglement": 4
    },
    "config_history": [
        "1100100100",
        "0100100110",
        "1100100110",
        "0100101000",
        "0000100110",
        "1000100110",
        "0000101000",
        "0000101000"
    ],
    "projected_function": 1077952576,
    "timestamp": "2025-02-10T20:31:28.984401"
}