{
    "transition_probability": 0.7000000000000001,
    "tm_parameters": {
        "num_states": 4,
        "input_symbols": [
            "1",
            "0"
        ],
        "blank_symbol": "_",
        "initial_head_position": 1,
        "accepting_states": [
            2
        ],
        "transition_function": {
            "0,0": [
                3,
                "0",
                "R"
            ],
            "1,1": [
                0,
                "0",
                "R"
            ],
            "1,0": [
                2,
                "0",
                "R"
            ],
            "1,_": [
                0,
                "1",
                "L"
            ],
            "3,0": [
                0,
                "1",
                "R"
            ],
            "3,_": [
                2,
                "0",
                "L"
            ]
        }
    },
    "input": "00001",
    "execution": {
        "num_steps": 5,
        "result": "rejected"
    },
    "metrics": {
        "equanimity_importance": 0.009765625,
        "equanimity_subsets": -5.113348101055811,
        "equanimity_subsets_normalized": 0.9961084662543402,
        "entanglement": 6
    },
    "config_history": [
        "0000100100",
        "0000101011",
        "0100101100",
        "0100110011",
        "0101110100",
        "0101110100"
    ],
    "projected_function": 1078984704,
    "timestamp": "2025-02-10T20:31:04.787899"
}