{
    "transition_probability": 0.9,
    "tm_parameters": {
        "num_states": 4,
        "input_symbols": [
            "1",
            "0"
        ],
        "blank_symbol": "_",
        "initial_head_position": 1,
        "accepting_states": [
            1,
            2
        ],
        "transition_function": {
            "0,1": [
                3,
                "0",
                "L"
            ],
            "0,0": [
                1,
                "1",
                "R"
            ],
            "1,1": [
                2,
                "1",
                "R"
            ],
            "1,_": [
                2,
                "0",
                "L"
            ],
            "2,1": [
                0,
                "1",
                "R"
            ],
            "2,0": [
                0,
                "0",
                "L"
            ],
            "2,_": [
                1,
                "0",
                "R"
            ],
            "3,1": [
                0,
                "1",
                "L"
            ],
            "3,0": [
                2,
                "0",
                "L"
            ]
        }
    },
    "input": "01111",
    "execution": {
        "num_steps": 12,
        "result": "accepted"
    },
    "metrics": {
        "equanimity_importance": 0.021875,
        "equanimity_subsets": -23.748799496605283,
        "equanimity_subsets_normalized": 0.9899526178269159,
        "entanglement": 10
    },
    "config_history": [
        "0111100100",
        "1111101001",
        "1111101110",
        "1111110000",
        "1110101111",
        "1110101000",
        "1010100111",
        "1010100100",
        "0010100111",
        "0010100110",
        "0010100100",
        "1010101001",
        "1010101001"
    ],
    "projected_function": 67175429,
    "timestamp": "2025-02-10T20:31:39.551055"
}