{
    "transition_probability": 0.7000000000000001,
    "tm_parameters": {
        "num_states": 4,
        "input_symbols": [
            "1",
            "0"
        ],
        "blank_symbol": "_",
        "initial_head_position": 1,
        "accepting_states": [
            0
        ],
        "transition_function": {
            "0,1": [
                2,
                "0",
                "R"
            ],
            "0,0": [
                1,
                "0",
                "R"
            ],
            "0,_": [
                0,
                "0",
                "R"
            ],
            "1,0": [
                3,
                "1",
                "R"
            ],
            "2,1": [
                1,
                "1",
                "L"
            ],
            "2,0": [
                2,
                "1",
                "L"
            ],
            "2,_": [
                0,
                "1",
                "L"
            ],
            "3,1": [
                0,
                "0",
                "L"
            ],
            "3,0": [
                2,
                "1",
                "R"
            ],
            "3,_": [
                3,
                "0",
                "R"
            ]
        }
    },
    "input": "10110",
    "execution": {
        "num_steps": 5,
        "result": "rejected"
    },
    "metrics": {
        "equanimity_importance": 0.009375,
        "equanimity_subsets": -7.342111741928827,
        "equanimity_subsets_normalized": 0.9958969915480841,
        "entanglement": 6
    },
    "config_history": [
        "1011000100",
        "0011001010",
        "0111000110",
        "1111000110",
        "1111000101",
        "1111000101"
    ],
    "projected_function": 33686018,
    "timestamp": "2025-02-10T20:30:59.206636"
}