{
    "transition_probability": 0.5,
    "tm_parameters": {
        "num_states": 4,
        "input_symbols": [
            "1",
            "0"
        ],
        "blank_symbol": "_",
        "initial_head_position": 1,
        "accepting_states": [
            0
        ],
        "transition_function": {
            "0,1": [
                0,
                "0",
                "R"
            ],
            "0,0": [
                3,
                "1",
                "R"
            ],
            "1,_": [
                0,
                "1",
                "R"
            ],
            "2,1": [
                0,
                "1",
                "L"
            ],
            "2,0": [
                3,
                "1",
                "L"
            ],
            "3,0": [
                0,
                "1",
                "R"
            ]
        }
    },
    "input": "00000",
    "execution": {
        "num_steps": 6,
        "result": "rejected"
    },
    "metrics": {
        "equanimity_importance": 0.01171875,
        "equanimity_subsets": -3.544542694091797,
        "equanimity_subsets_normalized": 0.9953946794782366,
        "entanglement": 8
    },
    "config_history": [
        "0000000100",
        "1000001011",
        "1100001100",
        "1110010011",
        "1111010100",
        "1111110111",
        "1111110111"
    ],
    "projected_function": 2147516555,
    "timestamp": "2025-02-10T20:30:17.549326"
}