{
    "transition_probability": 0.9,
    "tm_parameters": {
        "num_states": 4,
        "input_symbols": [
            "1",
            "0"
        ],
        "blank_symbol": "_",
        "initial_head_position": 1,
        "accepting_states": [
            0,
            1
        ],
        "transition_function": {
            "0,1": [
                3,
                "0",
                "L"
            ],
            "0,0": [
                0,
                "1",
                "L"
            ],
            "0,_": [
                1,
                "1",
                "R"
            ],
            "1,1": [
                0,
                "1",
                "R"
            ],
            "1,0": [
                2,
                "0",
                "L"
            ],
            "1,_": [
                0,
                "0",
                "R"
            ],
            "2,1": [
                1,
                "0",
                "L"
            ],
            "2,_": [
                3,
                "0",
                "R"
            ],
            "3,1": [
                0,
                "1",
                "L"
            ],
            "3,0": [
                2,
                "1",
                "L"
            ],
            "3,_": [
                3,
                "1",
                "R"
            ]
        }
    },
    "input": "00101",
    "execution": {
        "num_steps": 6,
        "result": "rejected"
    },
    "metrics": {
        "equanimity_importance": 0.008984375,
        "equanimity_subsets": -14.996105194091795,
        "equanimity_subsets_normalized": 0.9941539001464844,
        "entanglement": 4
    },
    "config_history": [
        "0010100100",
        "1010100100",
        "0010100111",
        "1010100110",
        "0010100101",
        "0010100110",
        "0010100110"
    ],
    "projected_function": 67109888,
    "timestamp": "2025-02-10T20:31:31.486808"
}