{
    "transition_probability": 0.7000000000000001,
    "tm_parameters": {
        "num_states": 4,
        "input_symbols": [
            "1",
            "0"
        ],
        "blank_symbol": "_",
        "initial_head_position": 1,
        "accepting_states": [
            1,
            2
        ],
        "transition_function": {
            "0,1": [
                3,
                "1",
                "R"
            ],
            "0,0": [
                3,
                "1",
                "R"
            ],
            "0,_": [
                0,
                "1",
                "R"
            ],
            "1,0": [
                3,
                "1",
                "R"
            ],
            "1,_": [
                1,
                "1",
                "R"
            ],
            "2,1": [
                1,
                "0",
                "R"
            ],
            "2,0": [
                0,
                "0",
                "R"
            ],
            "2,_": [
                1,
                "0",
                "R"
            ],
            "3,0": [
                2,
                "1",
                "R"
            ]
        }
    },
    "input": "00001",
    "execution": {
        "num_steps": 5,
        "result": "rejected"
    },
    "metrics": {
        "equanimity_importance": 0.009765625,
        "equanimity_subsets": -4.170850581214541,
        "equanimity_subsets_normalized": 0.9961506798153832,
        "entanglement": 8
    },
    "config_history": [
        "0000100100",
        "1000101011",
        "1100101110",
        "1100110000",
        "1101110111",
        "1101110111"
    ],
    "projected_function": 1073758288,
    "timestamp": "2025-02-10T20:30:56.452649"
}