{
    "transition_probability": 0.8,
    "tm_parameters": {
        "num_states": 4,
        "input_symbols": [
            "1",
            "0"
        ],
        "blank_symbol": "_",
        "initial_head_position": 1,
        "accepting_states": [
            1
        ],
        "transition_function": {
            "0,0": [
                3,
                "0",
                "R"
            ],
            "0,_": [
                0,
                "0",
                "L"
            ],
            "1,1": [
                0,
                "1",
                "R"
            ],
            "1,0": [
                0,
                "1",
                "R"
            ],
            "1,_": [
                0,
                "0",
                "R"
            ],
            "2,1": [
                1,
                "1",
                "L"
            ],
            "2,0": [
                1,
                "1",
                "R"
            ],
            "2,_": [
                1,
                "0",
                "R"
            ],
            "3,1": [
                1,
                "0",
                "L"
            ],
            "3,0": [
                1,
                "1",
                "R"
            ],
            "3,_": [
                0,
                "0",
                "R"
            ]
        }
    },
    "input": "01001",
    "execution": {
        "num_steps": 7,
        "result": "rejected"
    },
    "metrics": {
        "equanimity_importance": 0.013671875,
        "equanimity_subsets": -6.517336385212248,
        "equanimity_subsets_normalized": 0.9945994301447793,
        "entanglement": 10
    },
    "config_history": [
        "0100100100",
        "0100101011",
        "0000100101",
        "1000101000",
        "1000101111",
        "1010110001",
        "1011110100",
        "1011110100"
    ],
    "projected_function": 1077953792,
    "timestamp": "2025-02-10T20:31:09.243312"
}